input_bits,weight_bits,weight_physical_noise,differential_weight,weight_slice_lsb_to_msb,adc_noise,estimated noise,actual noise,estimated_snr,snr
,6,,True,,,0.001593280816450715,0.008027144707739353,102.33087921142578,25.036148071289062
,8,,True,,,0.0001387138618156314,0.0006628573755733669,1197.7738037109375,384.2120666503906
,10,,True,,,8.13237602415029e-06,2.3080117898643948e-05,24391.3984375,11000.88671875
,12,,True,,,6.147379849608114e-07,1.5852152728257352e-06,359623.15625,130202.1328125
,14,,True,,,2.818718769503903e-08,8.087294389724775e-08,6107921.0,2793987.75
